,index,age,gender,job_cat,housing,savings,checking,loan_amount,duration,purpose,risk,customer_loyalty
0,0,67,male,2,own,,low,1169.0,6,radio/TV,good,0.9657855676260368
1,1,22,female,2,own,low,moderate,5951.0,48,radio/TV,bad,0.32021930322361186
2,2,49,male,1,own,low,,2096.0,12,education,good,0.7128058147201267
3,3,45,male,2,free,low,low,7882.0,42,furniture/equipment,good,0.6473691317309582
4,4,53,male,2,free,low,low,4870.0,24,car,bad,0.7860855329508459
5,5,35,male,1,free,,,9055.0,36,education,good,0.47097129551579314
6,6,53,male,2,own,very_high,,2835.0,24,furniture/equipment,good,0.7253512481678673
7,7,35,male,3,rent,low,moderate,6948.0,36,car,good,0.5397310633217364
8,8,61,male,1,own,high,,3059.0,12,radio/TV,good,0.9079843061964019
9,9,28,male,3,own,low,moderate,5234.0,30,car,bad,0.4653729382826293
10,10,25,female,2,rent,low,moderate,1295.0,12,car,bad,0.4299132653071565
11,11,24,female,2,rent,low,low,4308.0,48,business,bad,0.371536268212831
12,12,22,female,2,own,low,moderate,1567.0,12,radio/TV,good,0.38998569019364093
13,13,60,male,1,own,low,low,1199.0,24,car,bad,0.891527290800483
14,14,28,female,2,rent,low,low,1403.0,15,car,good,0.4286136160257573
15,15,32,female,1,own,moderate,low,1282.0,24,radio/TV,bad,0.4736548483021192
16,16,53,unknown,2,own,,,2424.0,24,radio/TV,good,0.7422710494517532
17,17,25,male,2,own,,low,8072.0,30,business,good,0.4018788626002775
18,18,44,female,3,free,low,moderate,12579.0,24,car,bad,0.6024930505141102
19,19,31,male,2,own,very_high,,3430.0,24,radio/TV,good,0.4398789305678563
20,20,48,male,2,own,low,,2134.0,9,car,good,0.6782694766284273
21,21,44,male,2,rent,very_high,low,2647.0,6,radio/TV,good,0.6210793428966567
22,22,48,male,1,rent,low,low,2241.0,10,car,good,0.642150917551729
23,23,44,male,2,own,moderate,moderate,1804.0,12,car,good,0.607822612167321
24,24,26,male,2,own,,,2069.0,10,furniture/equipment,good,0.3858285392362535
25,25,36,male,1,own,low,low,1374.0,6,furniture/equipment,good,0.5214904350634346
26,26,39,male,1,own,low,,426.0,6,radio/TV,good,0.5690010094306817
27,27,42,female,2,rent,high,high,409.0,12,radio/TV,good,0.5966230626462597
28,28,34,male,2,own,low,moderate,2415.0,7,radio/TV,good,0.5044942613357001
29,29,63,male,2,own,low,low,6836.0,60,business,bad,0.9285115829680468
30,30,36,male,2,own,high,moderate,1913.0,18,business,good,0.5205938299089332
31,31,27,male,2,own,low,low,4020.0,24,furniture/equipment,good,0.4520690714944742
32,32,30,male,2,own,moderate,moderate,5866.0,18,car,good,0.4613669430793821
33,33,57,male,1,rent,,,1264.0,12,business,good,0.8395186587428933
34,34,33,female,3,own,low,high,1474.0,12,furniture/equipment,good,0.4511266764616649
35,35,25,male,1,own,low,moderate,4746.0,45,radio/TV,bad,0.40201158955009014
36,36,31,male,2,free,low,,6110.0,48,education,good,0.5015249549597155
37,37,37,male,2,own,low,high,2100.0,18,radio/TV,bad,0.5175108113607305
38,38,37,male,2,own,low,high,1225.0,10,domestic appliances,good,0.5089862314458344
39,39,24,male,2,own,low,moderate,458.0,9,radio/TV,good,0.3354721728290051
40,40,30,male,3,own,very_high,,2333.0,30,radio/TV,good,0.48963824875771844
41,41,26,male,2,own,very_high,moderate,1158.0,12,radio/TV,good,0.36412808824783655
42,42,44,male,1,own,low,moderate,6204.0,18,repairs,good,0.6160341941133916
43,43,24,male,2,rent,moderate,low,6187.0,30,car,good,0.32097150067216595
44,44,58,female,1,free,low,low,6143.0,48,car,bad,0.8550993768943779
45,45,35,female,3,own,low,,1393.0,11,car,good,0.5249539051236716
46,46,39,male,2,own,very_high,,2299.0,36,radio/TV,good,0.6142974757044442
47,47,23,female,0,rent,very_high,low,1352.0,6,car,good,0.3800280617381414
48,48,39,male,1,own,low,,7228.0,11,car,good,0.5794796412539335
49,49,28,female,2,own,moderate,,2073.0,12,radio/TV,good,0.43050783618767363
50,50,29,male,1,own,,moderate,2333.0,24,furniture/equipment,good,0.43125915607523324
51,51,30,male,3,own,low,moderate,5965.0,27,car,good,0.4794180533624448
52,52,25,male,2,own,low,,1262.0,12,radio/TV,good,0.36207511296434
53,53,31,male,2,own,,,3378.0,18,car,good,0.5067626195680567
54,54,57,male,2,free,low,moderate,2225.0,36,car,bad,0.8451166301957342
55,55,26,male,1,own,,,783.0,6,car,good,0.3602893604568775
56,56,52,male,3,own,,moderate,6468.0,12,radio/TV,bad,0.7702975091825482
57,57,31,female,2,own,low,,9566.0,36,radio/TV,good,0.4873558183640083
58,58,23,female,3,own,low,high,1961.0,18,car,good,0.3641049226201393
59,59,23,female,1,rent,low,low,6229.0,36,furniture/equipment,bad,0.33805561018871166
60,60,27,male,2,own,low,moderate,1391.0,9,business,good,0.42427078546244723
61,61,50,male,2,own,,moderate,1537.0,15,radio/TV,good,0.6768047422387365
62,62,61,male,3,free,low,moderate,1953.0,36,business,bad,0.8265410424384065
63,63,25,male,2,own,low,moderate,14421.0,48,business,bad,0.42503517510869987
64,64,26,female,2,own,low,,3181.0,24,radio/TV,good,0.37992275368508627
65,65,48,male,2,own,,,5190.0,27,repairs,good,0.6768685468859886
66,66,29,female,2,own,low,,2171.0,12,radio/TV,good,0.43123196607511166
67,67,22,male,2,own,high,moderate,1007.0,12,car,good,0.3274216789826773
68,68,37,male,2,free,low,,1819.0,36,education,bad,0.5631819568660175
69,69,25,female,2,own,,,2394.0,36,radio/TV,good,0.3576256762339544
70,70,30,female,2,own,low,,8133.0,36,car,good,0.4463000563004805
71,71,46,male,1,rent,,,730.0,7,radio/TV,good,0.7002453544761102
72,72,51,male,3,free,low,low,1164.0,8,vacation/others,good,0.7605437588207283
73,73,41,female,1,own,low,moderate,5954.0,42,business,good,0.6008871519055299
74,74,40,male,3,own,,low,1977.0,36,education,bad,0.5942419220849722
75,75,66,unknown,3,free,low,low,1526.0,12,car,good,0.9684266816116768
76,76,34,male,2,own,low,low,3965.0,42,radio/TV,bad,0.46865779345176223
77,77,51,male,2,own,low,moderate,4771.0,11,radio/TV,good,0.743025700086186
78,78,39,male,1,own,,,9436.0,54,car,good,0.532718557700182
79,79,22,male,2,own,low,moderate,3832.0,30,furniture/equipment,good,0.30918641808979136
80,80,44,female,2,own,,,5943.0,24,radio/TV,bad,0.5896426830354325
81,81,47,male,2,own,very_high,,,15,radio/TV,good,0.698210977773223
82,82,24,female,1,rent,moderate,,1568.0,18,business,good,0.3630605213643759
83,83,58,female,1,own,low,low,1755.0,24,vacation/others,good,0.8064818211482033
84,84,52,male,1,own,low,low,2315.0,10,radio/TV,good,0.7796833083025683
85,85,29,female,3,own,low,,1412.0,12,business,good,0.4202921749343229
86,86,27,female,2,own,low,moderate,1295.0,18,furniture/equipment,good,0.4021793644146554
87,87,47,male,2,free,moderate,moderate,12612.0,36,education,bad,0.659491235020742
88,88,30,male,3,own,moderate,low,2249.0,18,car,good,0.44255624357964685
89,89,28,male,2,own,low,low,1108.0,12,repairs,bad,0.4409590788254745
90,90,56,male,2,own,low,,618.0,12,radio/TV,good,0.809723999265896
91,91,54,male,2,own,low,low,1409.0,12,car,good,0.7900839226490027
92,92,33,female,1,own,,,797.0,12,radio/TV,bad,0.46635412853168884
93,93,20,male,2,rent,,high,3617.0,24,furniture/equipment,good,0.33144827113850683
94,94,54,male,2,own,high,moderate,1318.0,12,car,good,0.7703723373612867
95,95,58,male,2,rent,low,moderate,15945.0,54,business,bad,0.8444249297544041
96,96,61,female,2,own,,,2012.0,12,education,good,0.8201085070514966
97,97,34,male,2,own,moderate,moderate,2622.0,18,business,good,0.47876512853383896
98,98,36,male,2,own,low,moderate,2337.0,36,radio/TV,good,0.5088163185191221
99,99,36,male,3,rent,,moderate,7057.0,20,car,good,0.5103741142332783
100,100,41,male,1,rent,moderate,,1469.0,24,car,good,0.5536878826303437
101,101,24,male,2,rent,low,moderate,2323.0,36,radio/TV,good,0.3948343590940465
102,102,24,female,2,own,low,,932.0,6,radio/TV,good,0.3943038623660296
103,103,35,male,2,rent,low,moderate,1919.0,9,furniture/equipment,good,0.5292257124497983
104,104,26,male,2,rent,,,2445.0,12,car,good,0.4302954657134961
105,105,39,male,3,own,low,moderate,,24,vacation/others,bad,0.5256796801273546
106,106,39,male,3,own,low,,6458.0,18,car,bad,0.6163174397540206
107,107,32,male,2,own,low,moderate,6078.0,12,car,good,0.488093453774716
108,108,30,female,2,own,,low,7721.0,24,furniture/equipment,good,0.4560332264135827
109,109,35,male,2,own,very_high,moderate,1410.0,14,business,good,0.5075799693688421
110,110,31,male,2,own,moderate,moderate,,6,business,good,0.42921722300353937
111,111,23,female,2,rent,low,high,392.0,15,education,good,0.35803398581132156
112,112,28,male,1,rent,low,moderate,6260.0,18,car,good,0.3846624895173509
113,113,25,female,2,own,low,,,36,car,bad,0.3928950286015228
114,114,35,male,2,own,very_high,low,1680.0,12,radio/TV,good,0.47728144382162735
115,115,47,male,2,own,,,3578.0,48,radio/TV,good,0.7254295058054534
116,116,30,female,3,own,,low,7174.0,42,radio/TV,bad,0.49653968009171534
117,117,27,female,2,rent,,low,2132.0,10,furniture/equipment,good,0.4150970586840219
118,118,23,female,2,own,very_high,low,4281.0,33,furniture/equipment,bad,0.36470389151241356
119,119,36,male,3,own,very_high,moderate,2366.0,12,car,good,0.5047662442179475
120,120,25,female,2,own,low,low,1835.0,21,radio/TV,bad,0.3395308412599472
121,121,41,female,3,rent,low,,3868.0,24,car,good,0.5819094293307964
122,122,24,male,1,rent,low,,,12,furniture/equipment,good,0.325171554765156
123,123,63,male,2,free,low,high,781.0,10,car,good,0.9178058931782856
124,124,27,female,2,rent,,moderate,1924.0,18,furniture/equipment,bad,0.4342275046684964
125,125,30,unknown,2,own,low,low,2121.0,12,car,good,0.43421295556148176
126,126,40,male,1,own,low,low,701.0,12,radio/TV,good,0.5804415643088534
127,127,30,male,2,own,low,moderate,639.0,12,repairs,bad,0.4667991716553649
128,128,34,male,3,own,low,moderate,1860.0,12,car,good,0.5191076985081815
129,129,29,female,2,own,low,low,3499.0,12,car,bad,0.42031831788631163
130,130,24,female,2,own,,moderate,8487.0,48,car,good,0.32188461033851684
131,131,29,male,2,own,low,low,6887.0,36,education,bad,0.4411047508156023
132,132,27,male,1,own,low,,2708.0,15,furniture/equipment,good,0.4038375862568364
133,133,47,male,2,free,low,,1984.0,18,furniture/equipment,good,0.6950391974395308
134,134,21,female,2,own,moderate,,10144.0,60,radio/TV,good,0.32356984915801107
135,135,38,female,2,own,,,1240.0,12,radio/TV,good,0.5383934656169828
136,136,27,male,2,own,high,,8613.0,27,car,good,0.39709850927588586
137,137,66,male,1,own,very_high,moderate,766.0,12,radio/TV,bad,0.9514291070868245
138,138,35,male,2,own,,moderate,2728.0,15,radio/TV,good,0.47384164958928127
139,139,44,female,1,rent,low,high,1881.0,12,radio/TV,good,0.6194874940067412
140,140,27,male,0,own,high,high,709.0,6,car,good,0.3755772908001522
141,141,30,female,3,own,low,moderate,4795.0,36,radio/TV,good,0.41348627770801255
142,142,27,male,3,own,low,low,3416.0,27,radio/TV,good,0.42243785825561886
143,143,22,male,2,own,low,low,2462.0,18,furniture/equipment,bad,0.3463111832872878
144,144,23,female,2,own,low,,2288.0,21,furniture/equipment,good,0.32509464036748326
145,145,30,male,2,own,moderate,moderate,3566.0,48,business,good,0.42003300733004173
146,146,39,female,2,own,low,low,860.0,6,car,good,0.5558076221689371
147,147,51,female,2,own,moderate,,682.0,12,car,good,0.6844560793024653
148,148,28,male,2,own,low,low,5371.0,36,furniture/equipment,good,0.41447911641313573
149,149,46,male,2,own,high,,1582.0,18,radio/TV,good,0.6962358169548991
150,150,42,male,2,free,moderate,,1346.0,6,radio/TV,good,0.6435484011192857
151,151,38,male,2,own,low,,1924.0,10,radio/TV,good,0.5556332497990197
152,152,24,male,2,own,low,high,5848.0,36,radio/TV,good,0.345141929302834
153,153,29,female,2,rent,high,moderate,7758.0,24,car,good,0.4561777024522523
154,154,36,male,3,rent,moderate,moderate,6967.0,24,business,good,0.5010731572616833
155,155,20,female,2,rent,low,low,1282.0,12,furniture/equipment,bad,0.34149207525382597
156,156,48,male,2,own,moderate,low,1288.0,9,repairs,good,0.6639855487348136
157,157,45,male,1,own,low,low,339.0,12,education,good,0.6488638632634047
158,158,38,male,2,own,moderate,moderate,3512.0,24,car,good,0.5616029679134447
159,159,34,male,1,own,,,1898.0,6,radio/TV,good,0.5085397849138807
160,160,36,male,2,own,moderate,,2872.0,24,radio/TV,good,0.5398592684338815
161,161,30,female,2,own,low,,1055.0,18,car,good,0.470301287341908
162,162,36,unknown,2,own,very_high,,1262.0,15,domestic appliances,good,0.4854095955147903
163,163,70,male,3,free,low,moderate,7308.0,10,car,good,1.0
164,164,36,male,2,own,very_high,,909.0,36,car,good,0.521560290666176
165,165,32,male,2,own,very_high,,2978.0,6,furniture/equipment,good,0.4713081039799185
166,166,33,female,2,own,low,low,1131.0,18,furniture/equipment,bad,0.5067824191182101
167,167,20,female,2,own,high,moderate,1577.0,11,furniture/equipment,good,0.332522985218889
168,168,25,female,2,rent,low,,3972.0,24,furniture/equipment,good,0.39732153734224135
169,169,31,male,2,own,low,moderate,1935.0,24,business,bad,0.5001048720893458
170,170,33,male,2,rent,low,low,950.0,15,car,bad,0.4790551610515548
171,171,26,female,2,own,low,,763.0,12,furniture/equipment,good,0.38399498835629864
172,172,34,female,3,own,low,moderate,2064.0,24,furniture/equipment,bad,0.5193893628108188
173,173,33,male,2,own,low,moderate,1414.0,8,radio/TV,good,0.5229048726651339
174,174,26,male,2,own,low,low,3414.0,21,education,bad,0.386500772173162
175,175,53,female,3,own,,,7485.0,30,car,bad,0.7544516239347515
176,176,,male,2,own,low,low,2577.0,12,furniture/equipment,good,0.5766751741049936
177,177,52,male,2,own,very_high,low,,6,radio/TV,good,0.7085124414676115
178,178,31,male,3,rent,low,,1963.0,12,radio/TV,good,0.4511767897624799
179,179,65,male,2,own,low,low,571.0,21,car,good,0.8956573543062588
180,180,,male,2,own,low,,9572.0,36,business,bad,0.4389882598747722
181,181,30,male,3,own,low,moderate,4455.0,36,business,bad,0.4349769643258072
182,182,40,male,1,own,,low,1647.0,21,car,bad,0.5760807494928183
183,183,50,male,2,own,high,,3777.0,24,furniture/equipment,good,0.6847123374303422
184,184,36,male,2,own,low,moderate,884.0,18,car,bad,0.5234372827646538
185,185,31,male,2,own,low,,1360.0,15,radio/TV,good,0.45093564760222205
186,186,74,female,3,free,low,moderate,5129.0,9,car,bad,1.0
187,187,68,male,0,free,low,moderate,1175.0,16,car,good,0.9644272334392199
188,188,20,male,2,own,moderate,low,674.0,12,radio/TV,bad,0.28844152814642887
189,189,33,female,2,own,low,moderate,3244.0,18,furniture/equipment,good,0.46159392778346997
190,190,54,male,3,own,high,,4591.0,24,business,bad,0.8059424346515599
191,191,34,male,1,free,moderate,moderate,3844.0,48,business,bad,0.49435651160158417
192,192,36,male,2,own,low,moderate,3915.0,27,business,bad,0.529100334030403
193,193,29,male,2,rent,low,,2108.0,6,radio/TV,good,0.4372433258368404
194,194,21,male,2,rent,moderate,moderate,,45,radio/TV,bad,0.3353854619548796
195,195,34,female,3,own,low,moderate,1501.0,9,education,bad,0.5144978481216897
196,196,28,female,2,own,low,,1382.0,6,radio/TV,good,0.3881669226475921
197,197,27,female,2,rent,moderate,moderate,951.0,12,furniture/equipment,bad,0.3661681766728844
198,198,36,male,2,free,,moderate,2760.0,24,car,good,0.5359801384218209
199,199,40,male,3,own,low,moderate,4297.0,18,furniture/equipment,bad,0.631031294674331
200,200,52,male,2,own,very_high,,936.0,9,education,good,0.7124877561995331
201,201,27,male,1,own,low,low,1168.0,12,car,good,0.37986302371280634
202,202,26,male,2,own,low,,5117.0,27,business,good,0.38276333005158236
203,203,21,male,2,rent,low,low,902.0,12,education,bad,0.2918127013683271
204,204,38,male,1,own,low,,1495.0,12,car,good,0.5243096790995136
205,205,38,male,3,free,low,low,10623.0,30,car,good,0.5752684257921493
206,206,43,male,2,own,low,,1935.0,12,furniture/equipment,good,0.6043866554135475
207,207,26,unknown,2,own,low,moderate,1424.0,12,domestic appliances,good,0.40472131558884367
208,208,21,male,1,own,low,low,6568.0,24,business,good,0.2843748296118048
209,209,55,male,2,own,high,,1413.0,12,car,good,0.7723218929648006
210,210,33,male,2,own,,,3074.0,9,radio/TV,good,0.5076827301261133
211,211,45,female,1,own,,,3835.0,36,radio/TV,good,0.6107499075985303
212,212,50,male,2,own,low,low,5293.0,27,business,bad,0.733885653221639
213,213,66,male,3,own,low,high,1908.0,30,business,bad,0.9588394580743427
214,214,51,male,2,own,,,3342.0,36,radio/TV,good,0.6856432415199372
215,215,39,female,1,own,,moderate,,6,education,good,0.5786492787765329
216,216,31,male,2,own,low,low,3104.0,18,business,good,0.5044246389541525
217,217,23,male,2,own,low,high,3913.0,36,radio/TV,good,0.3081242139184338
218,218,24,male,1,rent,low,low,3021.0,24,furniture/equipment,good,0.3957326543316282
219,219,64,female,2,own,low,,1364.0,10,car,good,0.8545686219289776
220,220,26,male,1,own,low,moderate,625.0,12,radio/TV,good,0.3662208483780311
221,221,23,female,2,rent,,low,1200.0,12,education,good,0.39450223670001616
222,222,30,male,2,own,low,,707.0,12,radio/TV,good,0.4387647991147471
223,223,32,male,2,own,,,2978.0,24,business,good,0.4976185018583345
224,224,30,male,2,own,low,,4657.0,15,car,good,0.4949397094078768
225,225,27,male,2,own,low,,2613.0,36,repairs,good,0.3887978612673552
226,226,27,male,2,own,high,moderate,10961.0,48,radio/TV,bad,0.3892702854091535
227,227,53,male,3,free,low,low,7865.0,12,furniture/equipment,bad,0.7673060929678234
228,228,22,male,2,own,low,,1478.0,9,radio/TV,bad,0.36351227985440615
229,229,22,male,2,free,low,low,3149.0,24,furniture/equipment,good,0.3414725177853664
230,230,26,male,2,own,low,high,4210.0,36,radio/TV,bad,0.4013670462097627
231,231,51,male,1,free,very_high,,2507.0,9,car,good,0.7368765961586051
232,232,35,male,2,own,moderate,,2141.0,12,radio/TV,good,0.5408091141959416
233,233,25,male,1,own,low,moderate,866.0,18,radio/TV,good,0.3889150831839815
234,234,42,male,1,own,low,,1544.0,4,radio/TV,good,0.6163032487233744
235,235,30,male,3,own,low,low,1823.0,24,radio/TV,bad,0.4633466256968156
236,236,23,male,0,own,,moderate,14555.0,6,car,bad,0.3940071578559655
237,237,61,male,1,rent,moderate,moderate,,21,business,bad,0.8181438297450266
238,238,35,female,2,own,low,,1291.0,12,radio/TV,good,0.5381466723388095
239,239,39,male,2,own,low,low,2522.0,30,radio/TV,good,0.5400264932752451
240,240,29,female,2,own,,low,915.0,24,car,bad,0.4446496404546889
241,241,51,male,2,own,low,,1595.0,6,radio/TV,good,0.6916261790237428
242,242,,male,2,free,low,low,4605.0,48,car,bad,0.37818064675157936
243,243,27,female,2,own,low,,1185.0,12,business,good,0.4234690125870217
244,244,35,female,1,own,very_high,,3447.0,12,education,good,0.5333560835954232
245,245,25,male,2,own,low,,1258.0,24,business,good,0.3809991668500478
246,246,52,male,2,own,low,,717.0,12,radio/TV,good,0.7631776454378095
247,247,35,male,2,rent,moderate,,1204.0,6,car,good,0.5138360890727753
248,248,26,male,2,own,low,high,1925.0,24,furniture/equipment,good,0.35172403430677507
249,249,22,female,2,rent,low,,433.0,18,radio/TV,bad,0.32758503939129663
250,250,39,female,1,own,high,low,666.0,6,car,good,0.5932680417241619
251,251,46,female,1,own,low,high,2251.0,12,furniture/equipment,good,0.6809296572556337
252,252,24,female,2,own,low,moderate,2150.0,30,car,bad,0.39999395970765156
253,253,,male,2,own,moderate,,4151.0,24,furniture/equipment,good,0.530897282107386
254,254,24,male,2,own,,moderate,,9,furniture/equipment,good,0.4096394920204976
255,255,27,male,1,own,,moderate,7418.0,60,radio/TV,good,0.3701937514471754
256,256,35,male,1,own,low,,2684.0,24,radio/TV,good,0.5171856015788456
257,257,29,male,2,free,low,low,2149.0,12,radio/TV,bad,0.4761666913423979
258,258,23,female,2,own,moderate,,3812.0,15,car,good,0.31754847151315685
259,259,57,female,1,own,moderate,,1154.0,11,radio/TV,good,0.7882399428637951
260,260,,male,2,own,low,low,1657.0,12,furniture/equipment,good,0.42915973226190657
261,261,55,female,2,own,low,low,1603.0,24,radio/TV,good,0.7383946245480654
262,262,36,male,3,free,low,low,5302.0,18,car,good,0.5000291172092084
263,263,57,female,1,free,low,,2748.0,12,education,good,0.8145016983977015
264,264,32,male,1,own,low,,1231.0,10,car,good,0.5091199296629372
265,265,37,male,2,own,low,moderate,802.0,15,radio/TV,bad,0.4989983248327854
266,266,36,male,2,own,,,6304.0,36,business,good,0.4950611547721668
267,267,38,female,2,own,low,,1533.0,24,radio/TV,good,0.582120523232891
268,268,45,male,3,own,low,low,8978.0,14,car,bad,0.6746791577013944
269,269,25,male,2,own,,,999.0,24,radio/TV,good,0.39395955768469415
270,270,32,male,2,own,,,2662.0,18,car,good,0.49854082575490094
271,271,37,female,2,rent,very_high,,1402.0,12,furniture/equipment,good,0.5463604280238958
272,272,36,male,3,free,,moderate,,48,car,good,0.5424056981224077
273,273,28,male,2,own,low,moderate,3060.0,48,radio/TV,bad,0.44549181069852334
274,274,34,male,1,own,low,low,11998.0,30,repairs,bad,0.494676817695135
275,275,32,male,2,own,low,,2697.0,9,radio/TV,good,0.5150854674051117
276,276,26,female,2,own,low,,2404.0,18,radio/TV,good,0.40248616802038
277,277,49,male,1,own,,low,1262.0,12,furniture/equipment,good,0.6722763760604303
278,278,32,female,2,own,low,,4611.0,6,furniture/equipment,bad,0.5146877424648082
279,279,29,male,3,rent,moderate,,1901.0,24,radio/TV,good,0.43476473748167466
280,280,23,male,2,rent,high,,3368.0,15,car,good,0.3132656070834434
281,281,50,male,2,own,low,,1574.0,12,furniture/equipment,good,0.7239446013309829
282,282,49,male,1,own,,high,1445.0,18,radio/TV,good,0.743458644585803
283,283,63,male,2,own,,,1520.0,15,furniture/equipment,good,0.8943587055416795
284,284,37,male,2,own,moderate,moderate,3878.0,24,car,good,0.5085913989090761
285,285,35,female,1,own,low,low,10722.0,47,car,good,0.5512017827476985
286,286,26,male,2,own,low,low,4788.0,48,car,good,0.41316381079188746
287,287,,male,3,free,moderate,moderate,7582.0,48,vacation/others,good,0.4609080170655134
288,288,49,female,2,own,low,moderate,1092.0,12,radio/TV,good,0.704040337912831
289,289,48,male,2,own,low,low,1024.0,24,radio/TV,bad,0.6597867622839184
290,290,26,male,2,own,low,,1076.0,12,business,good,0.4075309114328784
291,291,28,male,3,rent,low,moderate,9398.0,36,car,bad,0.4499766192607861
292,292,44,female,3,free,low,low,6419.0,24,car,good,0.6789253446199106
293,293,56,male,2,free,low,high,4796.0,42,car,good,0.8238780619676409
294,294,46,male,3,own,,,7629.0,48,business,good,0.6754788974847385
295,295,26,female,2,own,low,moderate,9960.0,48,furniture/equipment,bad,0.3783280390460124
296,296,20,female,2,rent,,,,12,car,good,0.3539467031865318
297,297,45,male,1,own,,,1287.0,10,car,good,0.619346587697232
298,298,43,male,2,own,low,,2515.0,18,furniture/equipment,good,0.6154408830975484
299,299,32,male,2,own,high,moderate,2745.0,21,furniture/equipment,good,0.4674034871298748
300,300,54,female,0,own,low,,672.0,6,car,good,0.7908281094981954
301,301,42,female,2,own,low,moderate,3804.0,36,radio/TV,bad,0.5663293462348948
302,302,37,male,1,own,,high,1344.0,24,car,bad,0.5064208047936093
303,303,49,male,2,own,low,low,1038.0,10,car,good,0.678044185768451
304,304,44,male,2,free,very_high,,10127.0,48,car,bad,0.6068939167651155
305,305,33,male,2,own,high,,1543.0,6,furniture/equipment,good,0.4476706404697002
306,306,24,female,1,rent,,,,30,car,good,0.36749748633787155
307,307,33,male,1,own,moderate,low,727.0,12,radio/TV,bad,0.444863342148432
308,308,24,female,2,own,low,moderate,1237.0,8,furniture/equipment,bad,0.40497836443656354
309,309,22,male,1,rent,low,moderate,276.0,9,car,good,0.3591323950350328
310,310,40,male,0,free,,moderate,5381.0,48,vacation/others,good,0.5837193859562871
311,311,25,male,2,own,moderate,,5511.0,24,furniture/equipment,good,0.3913739154843045
312,312,26,female,2,own,low,high,3749.0,24,furniture/equipment,good,0.4449924083820004
313,313,25,male,1,own,low,moderate,685.0,12,car,bad,0.3424763179534871
314,314,29,male,1,own,,high,1494.0,4,car,good,0.4039955964118123
315,315,31,male,2,own,low,low,2746.0,36,furniture/equipment,bad,0.45476538893189794
316,316,38,male,1,own,low,low,708.0,12,furniture/equipment,good,0.5650765205952515
317,317,48,female,1,own,,moderate,4351.0,24,furniture/equipment,good,0.6518090901983852
318,318,32,male,2,own,low,,701.0,12,education,good,0.4869643888841023
319,319,27,female,1,own,low,low,3643.0,15,furniture/equipment,good,0.38485491567400504
320,320,28,male,3,own,low,moderate,4249.0,30,car,bad,0.4136125771307831
321,321,32,male,2,own,low,low,1938.0,24,radio/TV,bad,0.44927561141780226
322,322,34,male,3,free,low,low,2910.0,24,car,good,0.4875702601622825
323,323,28,male,2,own,high,low,2659.0,18,furniture/equipment,good,0.4073825165412925
324,324,36,female,2,own,low,,1028.0,18,car,good,0.5703050295029728
325,325,39,male,1,own,low,low,3398.0,8,car,good,0.5833316130365617
326,326,49,male,2,rent,,,5801.0,12,furniture/equipment,good,0.7362750420441931
327,327,34,female,2,own,high,,1525.0,24,car,good,0.4740663269932911
328,328,31,male,2,own,low,high,4473.0,36,radio/TV,good,0.5071678700734834
329,329,28,male,2,own,low,moderate,1068.0,6,radio/TV,good,0.4022725505210184
330,330,75,male,3,free,low,low,6615.0,24,car,good,1.0
331,331,30,female,2,own,moderate,,1864.0,18,education,bad,0.4040160908362716
332,332,24,female,3,own,moderate,moderate,7408.0,60,car,bad,0.33273193025046705
333,333,24,female,1,rent,moderate,,11590.0,48,car,bad,0.33769086482143745
334,334,23,male,2,rent,low,low,,24,furniture/equipment,bad,0.3109807807891641
335,335,44,male,3,rent,low,low,3384.0,6,furniture/equipment,bad,0.6476950258280816
336,336,23,female,1,own,low,moderate,2101.0,13,radio/TV,good,0.4027012176171476
337,337,24,female,2,rent,,low,1275.0,15,domestic appliances,bad,0.3496990158268959
338,338,28,male,2,own,low,low,4169.0,24,furniture/equipment,good,0.39255032120317995
339,339,31,male,1,own,low,moderate,1521.0,10,furniture/equipment,good,0.47119860968651417
340,340,24,female,2,free,low,moderate,5743.0,24,education,good,0.40616450970867507
341,341,26,female,1,rent,low,low,3599.0,21,furniture/equipment,good,0.4243049623442952
342,342,25,male,2,rent,very_high,moderate,3213.0,18,radio/TV,good,0.40971345083696814
343,343,33,male,3,own,low,moderate,4439.0,18,business,good,0.5319805635987533
344,344,37,unknown,1,own,low,high,3949.0,10,car,good,0.5061757257643399
345,345,43,female,1,own,low,,1459.0,15,radio/TV,good,0.664130457799958
346,346,23,male,2,own,low,moderate,882.0,13,radio/TV,good,0.3763440642467025
347,347,23,female,0,rent,very_high,moderate,3758.0,24,radio/TV,good,0.3262211457265173
348,348,34,male,1,own,moderate,,1743.0,6,business,good,0.48352312721261553
349,349,32,male,2,free,high,moderate,,9,education,bad,0.452103280162008
350,350,23,female,2,rent,low,,1236.0,9,domestic appliances,good,0.39914117975055463
351,351,29,female,2,own,low,moderate,959.0,9,furniture/equipment,bad,0.4845212122190345
352,352,38,male,3,own,,,3229.0,18,car,good,0.5640333462301605
353,353,28,male,2,rent,low,low,6199.0,12,radio/TV,bad,0.42948565841892233
354,354,46,male,2,free,very_high,,727.0,10,education,good,0.6969283532450281
355,355,23,male,1,own,low,moderate,1246.0,24,car,bad,0.3357221270807795
356,356,49,male,2,own,,,2331.0,12,radio/TV,good,0.7235506557309872
357,357,26,male,3,own,low,,4463.0,36,radio/TV,bad,0.3786234967530743
358,358,28,male,2,own,low,,776.0,12,radio/TV,good,0.4281275213022316
359,359,23,female,2,rent,low,low,2406.0,30,furniture/equipment,bad,0.3129359835256482
360,360,61,male,2,free,,moderate,1239.0,18,education,good,0.8698249751479761
361,361,37,male,3,own,,high,3399.0,12,radio/TV,good,0.5532002650655055
362,362,36,female,2,own,low,high,2247.0,12,car,good,0.5019676924133141
363,363,21,male,2,rent,low,,,6,furniture/equipment,good,0.30218685666622414
364,364,25,male,0,own,low,low,2473.0,18,furniture/equipment,bad,0.386048169266834
365,365,36,male,2,own,low,,1542.0,12,business,good,0.5718310695017458
366,366,27,male,2,own,low,,3850.0,18,car,good,0.3629698753880564
367,367,22,female,2,rent,low,low,3650.0,18,furniture/equipment,good,0.384148076032119
368,368,42,male,2,own,low,low,3446.0,36,furniture/equipment,bad,0.5690871497303434
369,369,40,female,2,rent,low,moderate,3001.0,18,furniture/equipment,good,0.5471355038046811
370,370,36,unknown,2,own,,,3079.0,36,car,good,0.5716564474081162
371,371,33,male,2,own,low,,6070.0,18,radio/TV,good,0.49395048505819933
372,372,23,female,2,rent,low,,2146.0,10,furniture/equipment,good,0.3417922057323276
373,373,63,male,3,free,,,13756.0,60,car,good,0.909756816449499
374,374,60,female,3,free,moderate,moderate,14782.0,60,vacation/others,bad,0.8031574157925231
375,375,37,female,2,rent,low,low,7685.0,48,business,bad,0.5921673141407907
376,376,34,male,2,own,low,,2320.0,18,radio/TV,good,0.5330019105524593
377,377,36,male,2,free,,,846.0,7,radio/TV,good,0.4930446048543405
378,378,57,male,3,free,low,moderate,14318.0,36,car,bad,0.8112255272554901
379,379,52,female,1,own,moderate,,362.0,6,car,good,0.7691263897872291
380,380,39,male,2,own,,low,2212.0,20,furniture/equipment,good,0.5396721559250947
381,381,38,female,3,free,low,moderate,12976.0,18,car,bad,0.5758269749440155
382,382,25,female,2,rent,,,1283.0,22,car,good,0.3691075541227543
383,383,26,male,2,own,low,high,1330.0,12,car,good,0.34754812653802014
384,384,26,male,1,own,moderate,,4272.0,30,business,good,0.37734063999424083
385,385,25,female,2,own,low,,2238.0,18,radio/TV,good,0.33354595353447225
386,386,21,female,2,rent,,,1126.0,18,radio/TV,good,0.3572666279306348
387,387,40,male,3,own,low,moderate,7374.0,18,furniture/equipment,good,0.599626337289295
388,388,27,male,2,own,very_high,moderate,2326.0,15,business,good,0.3881301013163241
389,389,27,female,2,own,low,,1449.0,9,business,good,0.3647505966745921
390,390,30,male,3,own,low,,1820.0,18,car,good,0.4441093319602731
391,391,19,female,1,rent,high,moderate,983.0,12,furniture/equipment,good,0.32589748551580683
392,392,39,male,3,free,low,low,3249.0,36,car,good,0.5213630168941625
393,393,31,female,2,own,low,low,1957.0,6,radio/TV,good,0.4938610150441832
394,394,31,male,3,own,low,,2406.0,9,furniture/equipment,good,0.485248352400772
395,395,32,male,2,rent,moderate,moderate,11760.0,39,education,good,0.49017685551277507
396,396,55,female,3,free,low,low,2578.0,12,furniture/equipment,good,0.7840118117219195
397,397,46,male,2,own,low,low,2348.0,36,furniture/equipment,good,0.6768367915297684
398,398,46,male,2,rent,low,moderate,1223.0,12,car,bad,0.6330697347809119
399,399,43,female,1,own,high,,1516.0,24,radio/TV,good,0.5986396801678858
400,400,39,male,2,own,low,,1473.0,18,radio/TV,good,0.5544183818061738
401,401,28,male,2,own,,moderate,1887.0,18,business,good,0.415449367880853
402,402,27,male,2,own,low,,8648.0,24,business,bad,0.4372929651617573
403,403,27,male,1,own,low,,802.0,14,car,good,0.3984339653328552
404,404,43,male,2,own,,moderate,2899.0,18,car,good,0.6310311303344006
405,405,22,male,2,own,low,moderate,2039.0,24,radio/TV,bad,0.3531782856344915
406,406,43,male,2,own,,,2197.0,24,car,good,0.5994997560103049
407,407,27,male,2,own,low,low,1053.0,15,radio/TV,good,0.44777176760297843
408,408,26,male,3,own,very_high,,3235.0,24,radio/TV,good,0.4416788941195051
409,409,28,male,2,own,very_high,high,,12,car,bad,0.4453788234029537
410,410,20,female,2,own,low,moderate,1967.0,24,radio/TV,good,0.3581377383460404
411,411,35,male,3,own,low,,7253.0,33,car,good,0.4821547693721678
412,412,42,male,3,own,low,,2292.0,12,business,bad,0.568541646495527
413,413,40,male,1,rent,very_high,,1597.0,10,car,good,0.5800098624668278
414,414,35,female,2,own,,low,1381.0,24,car,bad,0.5378391651944627
415,415,35,male,2,own,low,,5842.0,36,car,good,0.5322740316168796
416,416,33,male,1,own,low,low,2579.0,12,car,bad,0.4869814309871808
417,417,23,female,2,rent,,low,8471.0,18,education,good,0.3166873193890378
418,418,31,female,3,own,very_high,,2782.0,21,car,good,0.45338964783610575
419,419,33,female,2,own,,moderate,1042.0,18,car,bad,0.4854570821099282
420,420,20,female,2,rent,high,,3186.0,15,car,good,0.2736361060753912
421,421,30,male,2,own,,moderate,2028.0,12,car,good,0.4511260302343132
422,422,47,male,1,own,low,moderate,958.0,12,car,good,0.6378267158666092
423,423,34,male,3,own,moderate,,1591.0,21,furniture/equipment,good,0.5326964579880918
424,424,25,female,2,own,,moderate,2762.0,12,furniture/equipment,bad,0.3826182932108653
425,425,21,male,2,rent,low,moderate,2779.0,18,car,good,0.36939054472468397
426,426,29,male,2,own,low,,,28,radio/TV,good,0.45722830793548663
427,427,46,male,2,own,high,,1149.0,18,radio/TV,good,0.6320118656842613
428,428,20,male,2,own,low,,1313.0,9,furniture/equipment,good,0.3050974028971492
429,429,55,female,0,free,low,low,1190.0,18,repairs,bad,0.7843117929801668
430,430,74,male,1,own,low,,3448.0,5,business,good,1.0
431,431,29,male,3,own,low,moderate,,24,vacation/others,bad,0.43123462520574335
432,432,36,male,3,free,low,low,1872.0,6,furniture/equipment,good,0.48927454473919985
433,433,33,male,2,own,low,,2058.0,24,repairs,good,0.5349150360123522
434,434,25,male,2,own,low,low,2136.0,9,furniture/equipment,good,0.367373045211531
435,435,25,male,2,own,,moderate,1484.0,12,radio/TV,bad,0.3998106999743037
436,436,23,unknown,1,rent,very_high,,660.0,6,repairs,good,0.3765447158830494
437,437,37,female,2,own,high,,1287.0,24,car,good,0.5306636692939383
438,438,65,male,0,own,low,low,3394.0,42,repairs,good,0.9335441312019929
439,439,26,female,0,own,low,high,609.0,12,business,bad,0.42450748394497795
440,440,39,male,3,own,low,,1884.0,12,car,good,0.5648573780750852
441,441,30,female,2,own,low,low,1620.0,12,furniture/equipment,good,0.49170268595720495
442,442,29,male,2,own,low,moderate,2629.0,20,vacation/others,good,0.4519519963250913
443,443,41,male,1,own,low,,719.0,12,education,bad,0.6323944103777266
444,444,30,female,3,own,low,moderate,5096.0,48,furniture/equipment,bad,0.48701548002945483
445,445,41,female,1,rent,,,1244.0,9,education,good,0.6453463151858344
446,446,34,female,2,own,low,low,1842.0,36,car,bad,0.4829517410122398
447,447,35,male,2,own,low,moderate,2576.0,7,radio/TV,good,0.559061261690754
448,448,55,female,3,own,,high,1424.0,12,furniture/equipment,good,0.7783969080973102
449,449,61,male,2,own,high,moderate,1512.0,15,repairs,bad,0.8301916579420535
450,450,30,male,3,own,,,11054.0,36,car,good,0.49126556256049975
451,451,29,female,2,own,low,,518.0,6,radio/TV,good,0.39592339592246834
452,452,34,male,2,own,low,,2759.0,12,furniture/equipment,good,0.458972186214692
453,453,35,male,3,own,low,,2670.0,24,car,good,0.48805071077644546
454,454,31,male,2,own,low,low,4817.0,24,car,bad,0.414341476792114
455,455,29,female,3,own,low,,2679.0,24,car,good,0.4717624098830614
456,456,36,male,2,rent,low,low,3905.0,11,car,good,0.4972505410806576
457,457,35,male,2,free,low,low,3386.0,12,car,bad,0.4851874526815242
458,458,27,female,2,own,low,low,343.0,6,domestic appliances,good,0.3773352444818085
459,459,32,male,2,own,low,,4594.0,18,radio/TV,good,0.5001254331647677
460,460,37,male,2,own,low,low,3620.0,36,furniture/equipment,good,0.55366729848915
461,461,36,male,2,own,low,low,1721.0,15,car,good,0.5428279732907213
462,462,34,female,3,rent,low,moderate,3017.0,12,furniture/equipment,good,0.5412814973884663
463,463,38,male,2,own,,moderate,754.0,12,education,good,0.5459247955176646
464,464,34,male,2,own,low,,1950.0,18,business,good,0.5031887924666617
465,465,63,male,2,own,low,low,2924.0,24,car,good,0.9089113369750954
466,466,29,female,1,rent,low,low,1659.0,24,radio/TV,bad,0.433147816007336
467,467,32,male,2,own,,,7238.0,48,radio/TV,good,0.4971142290568387
468,468,26,female,2,own,low,,2764.0,33,business,good,0.445648766646798
469,469,35,male,1,own,low,,4679.0,24,car,good,0.5280100406948293
470,470,22,male,2,rent,moderate,moderate,3092.0,24,radio/TV,bad,0.38841600273078175
471,471,23,female,2,own,low,low,448.0,6,education,bad,0.40439323409440536
472,472,28,male,1,own,low,low,654.0,9,car,bad,0.46047726273226275
473,473,36,male,3,own,,,1238.0,6,education,good,0.5796423530671005
474,474,33,male,2,own,low,moderate,1245.0,18,radio/TV,bad,0.4657053598448286
475,475,26,female,2,rent,low,low,3114.0,18,furniture/equipment,bad,0.3938410488051027
476,476,24,male,2,own,very_high,,2569.0,39,car,good,0.3590474054731101
477,477,25,male,2,own,low,high,5152.0,24,radio/TV,good,0.3721546675626326
478,478,39,male,1,own,moderate,moderate,1037.0,12,business,good,0.5493752258078796
479,479,44,unknown,2,own,low,low,1478.0,15,furniture/equipment,good,0.635770052359347
480,480,23,female,1,own,low,moderate,3573.0,12,radio/TV,good,0.3970775319787914
481,481,26,male,2,own,low,moderate,1201.0,24,car,good,0.39575438327717194
482,482,57,female,2,rent,high,low,3622.0,30,furniture/equipment,good,0.8274802708955897
483,483,30,female,2,own,high,,960.0,15,furniture/equipment,good,0.420939323649042
484,484,44,male,2,own,very_high,,1163.0,12,car,good,0.6144156593161332
485,485,47,male,3,own,low,moderate,1209.0,6,car,bad,0.6534889748339996
486,486,52,male,2,own,low,,3077.0,12,radio/TV,good,0.7081475239416908
487,487,62,female,2,free,low,,3757.0,24,car,good,0.8520401933155701
488,488,35,male,1,rent,moderate,,1418.0,10,car,good,0.5532110370431674
489,489,26,unknown,2,rent,low,,3518.0,6,car,good,0.3838690177610815
490,490,26,male,2,own,low,,1934.0,12,radio/TV,good,0.3484475351375795
491,491,42,female,3,free,low,moderate,8318.0,27,business,bad,0.6215961667257455
492,492,27,female,2,own,moderate,,1237.0,6,radio/TV,good,0.3610555377056209
493,493,38,male,2,own,,moderate,368.0,6,radio/TV,good,0.5738084744272998
494,494,39,male,1,rent,low,low,,12,car,good,0.5317999430074282
495,495,20,male,2,own,,low,2996.0,24,furniture/equipment,bad,0.33249464397911593
496,496,29,male,3,rent,moderate,moderate,9034.0,36,furniture/equipment,bad,0.4739256181911693
497,497,40,male,2,own,low,,1585.0,24,furniture/equipment,good,0.5398682145931423
498,498,32,male,1,own,low,moderate,1301.0,18,radio/TV,good,0.43074070043459434
499,499,28,male,2,own,moderate,high,1323.0,6,car,good,0.4584626548964166
500,500,27,female,2,own,low,low,3123.0,24,car,bad,0.43775779271017884
501,501,42,male,2,free,low,low,5493.0,36,car,good,0.5920027256376869
502,502,49,male,2,own,moderate,high,1126.0,9,radio/TV,good,0.7269998027557986
503,503,38,male,2,own,moderate,moderate,1216.0,24,radio/TV,bad,0.5183318537979648
504,504,24,female,2,rent,low,low,1207.0,24,car,bad,0.34311380831311256
505,505,27,male,1,own,,,1309.0,10,car,bad,0.38243467269557335
506,506,36,male,2,own,very_high,high,2360.0,15,car,good,0.5784143883964127
507,507,34,male,3,own,moderate,moderate,6850.0,15,car,bad,0.5084969272320555
508,508,28,male,2,own,low,,1413.0,24,radio/TV,good,0.4186774970991161
509,509,45,male,3,own,moderate,,,39,car,good,0.6298640673965827
510,510,26,male,2,own,low,low,759.0,12,car,bad,0.43090108042577846
511,511,32,male,3,free,low,,4686.0,36,car,good,0.46803691529219493
512,512,26,male,2,rent,low,high,2687.0,15,business,good,0.36944367607507256
513,513,20,male,2,rent,low,moderate,585.0,12,radio/TV,good,0.3379271264196404
514,514,54,male,2,own,,,2255.0,24,car,good,0.7290684690571533
515,515,37,female,2,own,low,low,609.0,6,car,good,0.4972522219699129
516,516,40,male,1,own,low,low,1361.0,6,car,good,0.6120672864196072
517,517,23,female,2,rent,low,,7127.0,36,furniture/equipment,bad,0.3175548091663967
518,518,43,male,2,own,moderate,low,1203.0,6,car,good,0.5975801693751378
519,519,36,male,2,free,,,700.0,6,radio/TV,good,0.5213979418972859
520,520,44,male,2,free,low,,5507.0,24,repairs,good,0.6258346288875826
521,521,24,female,2,own,low,low,3190.0,18,radio/TV,bad,0.41653896216923747
522,522,53,male,2,free,low,low,7119.0,48,furniture/equipment,bad,0.7071349074965627
523,523,23,female,2,own,moderate,,3488.0,24,car,good,0.3075259750695084
524,524,26,female,1,own,low,moderate,1113.0,18,radio/TV,good,0.3923013749321308
525,525,30,male,2,own,low,moderate,7966.0,26,car,good,0.4958842279533685
526,526,31,female,2,own,moderate,,1532.0,15,education,good,0.44303890536367296
527,527,42,male,1,own,low,,1503.0,4,radio/TV,good,0.6203108626624122
528,528,31,male,2,rent,low,low,2302.0,36,radio/TV,bad,0.4187375865941629
529,529,41,male,1,own,low,low,662.0,6,car,good,0.6045571750896872
530,530,32,male,2,own,low,moderate,2273.0,36,education,good,0.4646966815118822
531,531,28,female,2,rent,moderate,moderate,2631.0,15,car,bad,0.43763038580969466
532,532,41,male,2,rent,low,,1503.0,12,car,good,0.5708745895392491
533,533,26,male,2,own,moderate,,1311.0,24,radio/TV,good,0.4028343646627207
534,534,25,male,2,own,,,3105.0,24,radio/TV,good,0.3903280410655706
535,535,33,male,2,rent,low,high,2319.0,21,education,bad,0.5048926600880015
536,536,75,female,3,own,,low,1374.0,6,car,good,1.0
537,537,37,female,2,own,low,moderate,3612.0,18,furniture/equipment,good,0.5033045272954141
538,538,42,male,3,free,low,low,7763.0,48,car,bad,0.5755432605959752
539,539,45,female,1,own,low,high,3049.0,18,furniture/equipment,good,0.6421904636096527
540,540,23,male,2,rent,low,moderate,1534.0,12,radio/TV,bad,0.32309803384526153
541,541,60,male,2,free,low,,2032.0,24,car,good,0.8040033183697046
542,542,31,male,2,own,,low,6350.0,30,furniture/equipment,bad,0.48334014972784967
543,543,34,male,1,own,low,high,2864.0,18,furniture/equipment,bad,0.54633058716719
544,544,61,male,1,own,low,,1255.0,12,car,good,0.8479749051357486
545,545,43,male,2,free,low,low,1333.0,24,car,bad,0.5773796626507505
546,546,37,female,2,own,low,,2022.0,24,car,good,0.5662389597337167
547,547,32,male,2,own,low,,1552.0,24,radio/TV,good,0.4690173460929886
548,548,24,female,1,own,low,low,626.0,12,radio/TV,bad,0.37022319086825467
549,549,35,male,2,free,,,8858.0,48,car,good,0.5014489848156883
550,550,23,female,2,own,,,996.0,12,repairs,good,0.3773997900905559
551,551,,male,1,own,very_high,,1750.0,6,radio/TV,good,0.6568865454189261
552,552,34,male,2,own,low,low,6999.0,48,radio/TV,bad,0.5047329478130181
553,553,27,male,2,own,moderate,moderate,1995.0,12,car,good,0.4108856425368946
554,554,67,female,3,own,low,moderate,1199.0,9,education,good,0.9086167157183603
555,555,22,male,2,own,low,moderate,1331.0,12,radio/TV,bad,0.3642935328912653
556,556,28,female,2,own,moderate,moderate,2278.0,18,car,bad,0.40756431556239503
557,557,29,unknown,2,own,,,5003.0,21,car,bad,0.39520630037962085
558,558,27,male,2,own,low,low,,24,furniture/equipment,bad,0.43012900378439867
559,559,31,male,1,own,low,moderate,1928.0,18,furniture/equipment,bad,0.5063768769562194
560,560,49,male,2,free,,low,2964.0,24,car,good,0.654804195026697
561,561,24,male,1,rent,low,low,1546.0,24,radio/TV,bad,0.33577203428595137
562,562,29,female,2,own,low,high,683.0,6,radio/TV,good,0.41635066428658074
563,563,37,male,2,free,,moderate,12389.0,36,car,bad,0.5791231249717924
564,564,37,male,3,own,,moderate,4712.0,24,business,good,0.5404986213050282
565,565,,female,2,rent,moderate,moderate,1553.0,24,radio/TV,good,0.3139620819379705
566,566,36,male,2,own,low,low,1372.0,12,car,bad,0.4918162100024516
567,567,34,male,2,own,high,,2578.0,24,radio/TV,good,0.5450709600505874
568,568,41,male,2,own,,moderate,3979.0,48,radio/TV,good,0.6180836472112499
569,569,31,female,2,own,low,low,6758.0,48,radio/TV,bad,0.49709128626820276
570,570,23,female,1,rent,low,low,3234.0,24,furniture/equipment,bad,0.3384367870066409
571,571,38,male,2,own,low,,,30,radio/TV,good,0.54384898826899
572,572,26,female,3,rent,,,5433.0,24,car,good,0.4411399350077445
573,573,22,female,1,own,low,low,806.0,15,business,good,0.3852481946784557
574,574,27,male,1,own,low,moderate,1082.0,9,radio/TV,good,0.4161156442811761
575,575,24,female,2,own,low,,2788.0,15,furniture/equipment,good,0.34221211408304925
576,576,27,female,2,own,low,moderate,2930.0,12,radio/TV,good,0.40558238084048737
577,577,33,unknown,2,own,,,1927.0,24,education,good,0.500418941109881
578,578,27,male,2,own,low,moderate,2820.0,36,car,bad,0.42433481236798354
579,579,27,male,1,own,low,,,24,education,good,0.39365998353114234
580,580,30,male,2,own,low,moderate,1056.0,18,car,bad,0.4353255644252679
581,581,49,male,1,own,low,moderate,3124.0,12,car,good,0.688473698496991
582,582,26,female,2,rent,low,,1388.0,9,furniture/equipment,good,0.35545522515459843
583,583,33,male,1,rent,low,moderate,2384.0,36,repairs,bad,0.4779420406814
584,584,52,female,3,free,,,2133.0,12,car,good,0.7642575427910292
585,585,20,female,2,rent,low,low,2039.0,18,furniture/equipment,bad,0.2912887645115677
586,586,36,male,2,rent,low,low,2799.0,9,car,good,0.49078211279333506
587,587,21,male,1,own,low,low,1289.0,12,furniture/equipment,good,0.350844706298237
588,588,47,male,1,own,low,low,1217.0,18,domestic appliances,bad,0.6693333551715688
589,589,60,male,2,own,low,low,2246.0,12,furniture/equipment,bad,0.8417595627524124
590,590,58,female,1,own,low,low,385.0,12,radio/TV,good,0.8580319941038662
591,591,,female,2,rent,,moderate,1965.0,24,car,good,0.5767001033824718
592,592,36,female,1,own,high,,1572.0,21,business,good,0.48987310669032247
593,593,20,female,1,rent,low,moderate,2718.0,24,car,bad,0.3289731311787782
594,594,40,male,3,own,,low,1358.0,24,vacation/others,bad,0.5871837745853753
595,595,32,female,1,own,moderate,moderate,931.0,6,car,bad,0.48031356432223743
596,596,23,female,2,rent,low,low,1442.0,24,car,bad,0.3747395387155099
597,597,36,male,1,own,low,moderate,4241.0,24,business,bad,0.5353413635029196
598,598,31,male,2,own,low,,2775.0,18,car,bad,0.42118700632871237
599,599,32,male,2,free,low,,3863.0,24,business,good,0.5192535780763912
600,600,45,female,2,own,low,moderate,2329.0,7,radio/TV,good,0.6268650990674791
601,601,30,female,2,own,low,moderate,918.0,9,furniture/equipment,bad,0.45310446617541056
602,602,34,female,1,free,low,moderate,1837.0,24,education,bad,0.4676672603927146
603,603,28,female,3,own,low,,3349.0,36,furniture/equipment,bad,0.3831523807505899
604,604,23,female,2,own,low,high,1275.0,10,furniture/equipment,good,0.38483021365621173
605,605,22,male,2,own,very_high,low,2828.0,24,furniture/equipment,good,0.32924910258391754
606,606,74,male,3,own,low,,,24,business,good,1.0
607,607,50,female,2,free,moderate,moderate,2671.0,36,radio/TV,bad,0.7320781790046077
608,608,33,male,2,own,low,,2051.0,18,radio/TV,good,0.4465645223486696
609,609,45,male,2,free,,,,15,car,good,0.6040025063148305
610,610,22,female,2,own,moderate,low,741.0,12,domestic appliances,bad,0.3658191040386265
611,611,48,female,1,free,moderate,high,1240.0,10,car,bad,0.7116103098298814
612,612,29,female,2,own,high,low,3357.0,21,radio/TV,good,0.42824529204776135
613,613,22,female,2,rent,low,low,3632.0,24,car,good,0.366371050594411
614,614,22,female,2,own,low,,1808.0,18,furniture/equipment,bad,0.3553989024694341
615,615,48,male,3,own,,moderate,12204.0,48,business,good,0.6643973731547015
616,616,27,male,3,free,,moderate,9157.0,60,radio/TV,good,0.436432602450373
617,617,37,male,2,rent,low,low,3676.0,6,car,good,0.49588732227460885
618,618,21,female,2,rent,moderate,moderate,3441.0,30,furniture/equipment,bad,0.3215696317863836
619,619,49,male,1,own,low,,640.0,12,car,good,0.7371234419184598
620,620,27,male,2,own,low,moderate,3652.0,21,business,good,0.45934256138778895
621,621,32,male,2,own,low,,1530.0,18,car,bad,0.517365336188184
622,622,,male,2,own,,,3914.0,48,business,bad,0.5439433282762216
623,623,22,female,2,rent,low,low,1858.0,12,furniture/equipment,good,0.3083827145825233
624,624,65,male,2,free,low,low,2600.0,18,radio/TV,bad,0.9570469505653489
625,625,35,male,2,own,,,1979.0,15,radio/TV,good,0.5000197870084316
626,626,41,male,2,own,low,high,2116.0,6,furniture/equipment,good,0.5587412859043336
627,627,29,male,2,own,moderate,moderate,1437.0,9,car,bad,0.4456104975089905
628,628,36,male,2,own,very_high,,4042.0,42,furniture/equipment,good,0.5002807235810444
629,629,64,male,1,own,,,3832.0,9,education,good,0.8655348188265535
630,630,28,female,2,own,low,low,3660.0,24,radio/TV,good,0.39566775364749135
631,631,44,male,2,own,low,low,1553.0,18,furniture/equipment,bad,0.6557180323259564
632,632,23,male,2,own,,moderate,1444.0,15,radio/TV,good,0.3993034624609686
633,633,19,female,2,rent,low,,1980.0,9,furniture/equipment,bad,0.31198148294461536
634,634,25,female,1,own,low,moderate,1355.0,24,car,bad,0.36394989809201134
635,635,47,male,2,own,low,,1393.0,12,education,good,0.6713539672661382
636,636,28,female,2,own,very_high,,1376.0,24,radio/TV,good,0.4451772481933255
637,637,21,male,2,own,low,,15653.0,60,radio/TV,good,0.3350403005545003
638,638,34,female,2,own,low,,1493.0,12,radio/TV,good,0.45616475445211563
639,639,26,male,2,own,low,low,4370.0,42,radio/TV,bad,0.37128615433309925
640,640,27,female,0,own,low,low,750.0,18,education,bad,0.4450916312552444
641,641,38,unknown,1,own,low,moderate,1308.0,15,repairs,good,0.540078491237465
642,642,40,male,3,own,moderate,,4623.0,15,education,bad,0.577415549357723
643,643,33,male,2,own,low,,1851.0,24,radio/TV,good,0.494732350245867
644,644,32,male,3,own,low,low,1880.0,18,radio/TV,good,0.5190669554498561
645,645,27,male,2,rent,,,7980.0,36,business,bad,0.4565404706521504
646,646,32,male,2,own,low,low,4583.0,30,furniture/equipment,good,0.46506116652649626
647,647,26,female,2,own,very_high,,1386.0,12,car,bad,0.3555097655575179
648,648,38,male,2,free,low,high,947.0,24,car,bad,0.5357206105584863
649,649,40,male,1,rent,low,low,684.0,12,education,bad,0.5545137772601787
650,650,50,male,3,free,low,low,7476.0,48,education,good,0.7121227082238423
651,651,37,male,1,own,low,moderate,1922.0,12,furniture/equipment,bad,0.546996814030088
652,652,45,male,2,own,low,low,2303.0,24,car,bad,0.6514859493455576
653,653,42,male,3,own,moderate,moderate,8086.0,36,car,bad,0.6270615165158887
654,654,35,male,2,own,low,,2346.0,24,car,good,0.5566943797869304
655,655,22,male,2,free,low,low,3973.0,14,car,good,0.34505727655320584
656,656,41,male,1,own,low,moderate,888.0,12,car,bad,0.6089501935148225
657,657,37,male,2,own,,,10222.0,48,radio/TV,good,0.56037333694273
658,658,28,female,2,own,low,moderate,4221.0,30,business,good,0.4503007382519961
659,659,41,male,2,own,low,moderate,6361.0,18,furniture/equipment,good,0.5973572994994408
660,660,23,male,2,rent,low,high,1297.0,12,radio/TV,good,0.3416605141037296
661,661,23,male,2,own,,low,900.0,12,car,bad,0.36038966983084914
662,662,50,male,2,own,low,,2241.0,21,furniture/equipment,good,0.6937183051722537
663,663,35,male,3,own,low,moderate,1050.0,6,furniture/equipment,good,0.5403147724839914
664,664,50,female,1,own,low,high,1047.0,6,education,good,0.7065546329858745
665,665,27,male,3,own,low,,6314.0,24,vacation/others,good,0.4296858382638632
666,666,34,male,2,own,high,moderate,3496.0,30,furniture/equipment,good,0.5189235967661165
667,667,27,female,2,own,low,,3609.0,48,business,good,0.39144257048318726
668,668,43,male,2,rent,low,low,4843.0,12,car,bad,0.6715763005279772
669,669,47,male,2,own,low,high,3017.0,30,radio/TV,good,0.7176544698139612
670,670,27,male,1,own,moderate,,4139.0,24,business,good,0.43236674201642644
671,671,31,male,2,own,moderate,,5742.0,36,business,good,0.4657198129556583
672,672,42,male,3,own,low,,10366.0,60,car,good,0.6186448895587504
673,673,24,male,2,own,very_high,,2080.0,6,car,good,0.33296635116656104
674,674,41,male,1,own,very_high,,2580.0,21,business,bad,0.6236143649306466
675,675,26,female,3,rent,low,,4530.0,30,radio/TV,good,0.42530392868087225
676,676,33,male,2,own,low,,,24,furniture/equipment,good,0.518267329381376
677,677,24,male,2,own,moderate,moderate,5595.0,72,radio/TV,bad,0.3992717940240608
678,678,64,male,1,rent,low,low,2384.0,24,radio/TV,good,0.9077586013081825
679,679,26,female,2,own,low,,1453.0,18,radio/TV,good,0.37596879822382195
680,680,56,female,2,own,low,,1538.0,6,education,good,0.8191178419253643
681,681,37,male,2,free,,,2279.0,12,radio/TV,good,0.5304472932193703
682,682,33,male,2,own,low,,1478.0,15,radio/TV,good,0.5316867312274168
683,683,,male,2,free,low,,5103.0,24,radio/TV,good,0.7165299191214832
684,684,31,male,1,own,moderate,moderate,9857.0,36,business,good,0.463419403407497
685,685,34,male,2,free,,,6527.0,60,car,good,0.5219769770643856
686,686,27,male,2,own,,high,1347.0,10,radio/TV,good,0.3629447772216374
687,687,30,male,2,free,moderate,moderate,2862.0,36,car,good,0.4411960072891053
688,688,35,male,2,own,moderate,,2753.0,9,radio/TV,good,0.5290295809033648
689,689,31,male,2,own,high,low,3651.0,12,car,good,0.48885005085229605
690,690,25,male,2,own,low,low,975.0,15,furniture/equipment,good,0.35139538560989214
691,691,25,female,1,own,moderate,moderate,,15,repairs,good,0.3535508079479577
692,692,29,male,2,own,moderate,moderate,2896.0,24,radio/TV,good,0.4164709590709911
693,693,44,male,1,own,,low,4716.0,6,car,good,0.6729216770606243
694,694,28,male,2,own,low,,2284.0,24,radio/TV,good,0.449396811400779
695,695,50,male,2,rent,very_high,,1236.0,6,car,good,0.7123603277731961
696,696,29,male,2,own,low,moderate,1103.0,12,radio/TV,good,0.4729090742011808
697,697,38,female,0,own,low,,926.0,12,car,good,0.5383593281191815
698,698,24,male,2,own,low,,1800.0,18,radio/TV,good,0.3653250164614507
699,699,40,male,3,rent,low,high,1905.0,15,education,good,0.6270413670538073
700,700,29,female,1,rent,very_high,,1123.0,12,furniture/equipment,bad,0.42969419651014046
701,701,46,male,2,free,low,low,6331.0,48,car,bad,0.6525789690930768
702,702,47,female,2,free,moderate,high,1377.0,24,radio/TV,good,0.6894739042107381
703,703,41,male,2,own,moderate,moderate,2503.0,30,business,good,0.5834892599232194
704,704,32,female,2,own,low,moderate,2528.0,27,business,good,0.44617647450108955
705,705,35,female,2,free,very_high,,5324.0,15,car,good,0.5318429485475231
706,706,24,male,2,own,moderate,moderate,6560.0,48,car,bad,0.3875251736518295
707,707,25,female,2,rent,low,moderate,2969.0,12,furniture/equipment,bad,0.40750844101196787
708,708,25,unknown,2,own,low,moderate,1206.0,9,radio/TV,good,0.42330215494648027
709,709,37,male,1,own,low,moderate,,9,radio/TV,good,0.530548004539065
710,710,32,male,3,own,very_high,,,18,radio/TV,good,0.4570502111610062
711,711,35,female,2,free,low,low,1198.0,6,education,bad,0.5223472405158225
712,712,46,male,3,own,,,2476.0,21,car,good,0.6415187650757438
713,713,25,male,1,own,low,low,1138.0,9,radio/TV,good,0.3910395631505895
714,714,27,male,3,own,low,moderate,14027.0,60,car,bad,0.45724804322009993
715,715,63,male,2,own,,,7596.0,30,car,good,0.8651409453069453
716,716,40,male,2,own,,,3077.0,30,radio/TV,good,0.6082559157158769
717,717,32,male,3,free,low,,1505.0,18,radio/TV,good,0.42971626727000883
718,718,31,male,2,own,,high,3148.0,24,radio/TV,good,0.4356338663593964
719,719,31,male,2,own,moderate,moderate,6148.0,20,car,good,0.4313563248360775
720,720,34,male,3,own,low,high,1337.0,9,radio/TV,bad,0.49164940327168466
721,721,24,female,2,rent,high,moderate,433.0,6,education,bad,0.3256593243277172
722,722,24,female,1,own,low,low,1228.0,12,car,bad,0.3782010684676756
723,723,66,female,1,own,very_high,moderate,,9,radio/TV,good,0.9586190067731594
724,724,21,unknown,2,rent,low,,2570.0,27,car,bad,0.3362580488684358
725,725,41,female,1,own,high,,250.0,6,car,good,0.5713218360718191
726,726,47,male,1,own,very_high,,1316.0,15,radio/TV,good,0.6625443806198776
727,727,25,female,2,rent,low,low,1882.0,18,radio/TV,bad,0.42353904773301854
728,728,59,female,2,rent,low,moderate,6416.0,48,business,bad,0.8368354771729011
729,729,36,male,2,own,high,high,1275.0,24,business,good,0.5011246925634665
730,730,33,male,2,own,low,moderate,,24,radio/TV,good,0.5048097880220686
731,731,21,male,1,rent,low,low,1987.0,24,radio/TV,bad,0.2861252145838212
732,732,44,female,1,own,low,moderate,760.0,8,radio/TV,good,0.6285950211911239
733,733,28,female,2,rent,high,,2603.0,24,car,good,0.41770289861585336
734,734,37,female,2,own,low,,,4,car,good,0.5136574896515327
735,735,29,female,0,own,,moderate,3990.0,36,domestic appliances,good,0.4727160728625289
736,736,23,female,3,rent,low,moderate,11560.0,24,car,bad,0.33334315333463244
737,737,35,male,1,own,moderate,low,4380.0,18,car,good,0.5593187171659786
738,738,45,male,3,own,low,,6761.0,6,car,good,0.6560822158472116
739,739,26,female,1,rent,moderate,moderate,4280.0,30,business,bad,0.4055141773115613
740,740,32,male,2,own,moderate,low,2325.0,24,car,good,0.45871620899335996
741,741,23,male,1,own,low,moderate,1048.0,10,radio/TV,good,0.3707110935077066
742,742,41,male,2,own,,,3160.0,21,radio/TV,good,0.6361268193161717
743,743,22,male,2,own,very_high,low,2483.0,24,furniture/equipment,good,0.29851369795208205
744,744,30,male,3,own,,low,14179.0,39,furniture/equipment,good,0.4341488170120034
745,745,28,male,1,own,low,low,1797.0,13,business,good,0.3970045883471876
746,746,23,female,2,rent,low,low,2511.0,15,car,good,0.38062031286978265
747,747,37,female,1,own,low,low,1274.0,12,car,bad,0.5390626386356918
748,748,26,male,2,own,,,5248.0,21,car,good,0.40372064862286644
749,749,33,male,2,own,low,,3029.0,15,car,good,0.5393543408384419
750,750,49,female,2,own,low,low,428.0,6,furniture/equipment,good,0.7280825362432658
751,751,23,female,1,own,low,low,,18,car,bad,0.34753013660683124
752,752,23,female,1,rent,moderate,moderate,841.0,12,business,good,0.3653374991459115
753,753,25,female,2,own,low,,5771.0,30,radio/TV,good,0.349025897794365
754,754,55,male,2,free,high,,1555.0,12,repairs,bad,0.7820867714247053
755,755,32,female,2,rent,,low,1285.0,24,car,bad,0.5018577927264096
756,756,74,male,0,own,low,high,1299.0,6,car,good,1.0
757,757,39,unknown,2,free,,high,1271.0,15,radio/TV,bad,0.5696955508684223
758,758,31,male,2,own,low,,1393.0,24,car,good,0.5072133528715606
759,759,35,male,2,own,low,low,691.0,12,car,bad,0.5618929484924756
760,760,59,female,2,own,,,5045.0,15,car,good,0.8421296038909092
761,761,24,female,2,rent,low,low,2124.0,18,furniture/equipment,bad,0.3483484952498976
762,762,24,male,1,own,low,low,2214.0,12,radio/TV,good,0.34028336820161476
763,763,30,male,3,free,,,12680.0,21,car,bad,0.4357051992074166
764,764,27,male,2,own,moderate,,2463.0,24,car,good,0.4517431257748234
765,765,40,male,1,own,low,moderate,1155.0,12,radio/TV,good,0.6216653632697565
766,766,31,male,1,own,low,low,3108.0,30,furniture/equipment,bad,0.4185656701994252
767,767,31,female,2,rent,,,2901.0,10,car,good,0.4138029335004568
768,768,28,male,2,rent,low,moderate,3617.0,12,furniture/equipment,good,0.38791032918509405
769,769,63,male,1,own,low,,1655.0,12,radio/TV,good,0.9366770786608732
770,770,26,female,2,rent,,low,2812.0,24,car,good,0.3748695479640793
771,771,25,female,3,own,low,low,8065.0,36,education,bad,0.3354343453411691
772,772,36,male,3,own,low,,3275.0,21,car,good,0.5130588022580045
773,773,52,male,2,own,moderate,,2223.0,24,radio/TV,good,0.6939052558859001
774,774,66,male,0,free,very_high,high,1480.0,12,car,good,0.8888921094011082
775,775,25,female,2,rent,,low,1371.0,24,car,bad,0.410771739922793
776,776,37,male,2,own,low,,3535.0,36,car,good,0.5236353930300772
777,777,25,female,2,own,low,low,3509.0,18,radio/TV,good,0.34217905618064554
778,778,38,male,3,own,high,,5711.0,36,car,good,0.5594980905793991
779,779,67,female,2,own,low,moderate,3872.0,18,repairs,good,0.9312482478775136
780,780,25,male,2,own,low,moderate,4933.0,39,radio/TV,bad,0.3675988711264945
781,781,60,male,2,own,high,,1940.0,24,car,good,0.8030888246522753
782,782,31,male,1,own,low,moderate,1410.0,12,education,good,0.4211975108572299
783,783,23,female,1,own,moderate,moderate,836.0,12,car,bad,0.37137567962868934
784,784,60,male,3,own,,moderate,6468.0,20,car,good,0.8091025544962522
785,785,35,male,1,own,high,moderate,1941.0,18,business,good,0.5528889706531734
786,786,40,male,2,own,very_high,,2675.0,22,radio/TV,good,0.6169600480567841
787,787,38,male,2,own,,,2751.0,48,car,good,0.5863208637198073
788,788,50,male,2,free,low,moderate,6224.0,48,education,bad,0.6748827817086324
789,789,27,male,2,own,low,low,5998.0,40,education,bad,0.4554485349354447
790,790,39,female,2,own,low,moderate,1188.0,21,business,bad,0.5694330727487106
791,791,41,male,3,own,,,6313.0,24,car,good,0.5779436431176013
792,792,27,male,2,own,,,1221.0,6,furniture/equipment,good,0.4193343359869757
793,793,51,male,2,free,low,high,2892.0,24,furniture/equipment,good,0.7706009506746408
794,794,32,male,2,rent,very_high,,3062.0,24,furniture/equipment,good,0.43933427508089495
795,795,22,female,2,rent,moderate,,2301.0,9,furniture/equipment,good,0.2967814072614824
796,796,51,male,2,free,,low,7511.0,18,car,bad,0.707707295980151
797,797,22,female,1,rent,low,,1258.0,12,furniture/equipment,good,0.3263949179556216
798,798,54,male,2,own,,,717.0,24,car,good,0.8037511484314348
799,799,35,male,0,own,,moderate,1549.0,9,car,good,0.5321136000090001
800,800,54,male,2,free,low,,1597.0,24,education,good,0.8150224878057182
801,801,48,female,1,rent,low,moderate,,18,radio/TV,good,0.7320698661189702
802,802,24,female,2,own,low,low,4272.0,20,furniture/equipment,good,0.3931892594247317
803,803,35,male,2,own,,,976.0,12,radio/TV,good,0.489853489326686
804,804,24,female,0,rent,,moderate,7472.0,12,car,good,0.34718653744828587
805,805,24,male,2,own,low,low,9271.0,36,car,bad,0.3526308369572965
806,806,26,male,1,own,low,moderate,590.0,6,radio/TV,good,0.3918654518265021
807,807,65,male,2,own,,,930.0,12,radio/TV,good,0.9363551446503934
808,808,55,male,3,free,low,moderate,9283.0,42,car,good,0.8196800220697315
809,809,26,female,0,rent,low,moderate,1778.0,15,car,bad,0.43715655835027334
810,810,26,male,2,own,low,moderate,907.0,8,business,good,0.3810032484973544
811,811,28,male,1,own,low,moderate,484.0,6,radio/TV,good,0.456899951914603
812,812,24,male,2,own,low,low,9629.0,36,car,bad,0.413733317208696
813,813,54,male,2,own,low,low,3051.0,48,domestic appliances,bad,0.7807362635121605
814,814,46,male,2,free,low,low,3931.0,48,car,bad,0.6693731289667917
815,815,54,female,2,rent,low,moderate,7432.0,36,car,good,0.7430049949252239
816,816,62,male,2,own,very_high,,1338.0,6,domestic appliances,good,0.9262433282913543
817,817,24,female,2,rent,low,,1554.0,6,radio/TV,good,0.40729333818381863
818,818,43,male,3,own,low,low,,36,vacation/others,good,0.5780310546473737
819,819,26,male,2,own,low,low,1345.0,18,radio/TV,bad,0.44219666301642124
820,820,27,male,2,own,low,,1101.0,12,car,good,0.38790763079433915
821,821,24,male,2,own,low,high,3016.0,12,radio/TV,good,0.403597152033758
822,822,41,male,2,own,low,low,2712.0,36,furniture/equipment,bad,0.5868795867362386
823,823,47,male,1,own,low,low,731.0,8,car,good,0.6600674714810323
824,824,35,male,3,own,low,,3780.0,18,furniture/equipment,good,0.525525308286567
825,825,30,male,2,own,low,low,1602.0,21,car,good,0.41646076409067134
826,826,33,female,2,rent,low,low,3966.0,18,car,bad,0.5377129819616544
827,827,36,male,2,own,low,,4165.0,18,business,bad,0.5464097647814118
828,828,47,male,2,free,,low,8335.0,36,car,bad,0.6485894325743993
829,829,38,male,2,free,,moderate,6681.0,48,business,good,0.5157843817513441
830,830,44,male,2,own,very_high,,2375.0,24,business,good,0.5959245473858439
831,831,23,female,2,rent,low,low,1216.0,18,car,bad,0.33516916750984177
832,832,29,male,2,rent,low,low,11816.0,45,business,bad,0.4701960052542181
833,833,42,female,2,own,,moderate,5084.0,24,radio/TV,good,0.5606405670226389
834,834,25,female,1,own,low,high,2327.0,15,radio/TV,bad,0.4174028019035543
835,835,48,male,2,own,low,low,1082.0,12,car,bad,0.6581797170012119
836,836,21,female,2,own,,,886.0,12,radio/TV,good,0.3686931383591343
837,837,23,female,1,rent,low,,601.0,4,furniture/equipment,good,0.3546409450759578
838,838,63,male,2,own,low,low,2957.0,24,car,good,0.933116088318972
839,839,46,male,2,own,low,,2611.0,24,radio/TV,good,0.6555243805194191
840,840,29,male,2,own,low,low,5179.0,36,furniture/equipment,bad,0.45177321245846946
841,841,28,male,1,own,low,,2993.0,21,car,good,0.3737169317268265
842,842,23,female,2,own,low,,1943.0,18,repairs,bad,0.3726702630191109
843,843,50,male,2,own,low,,1559.0,24,business,good,0.708041850112571
844,844,47,male,2,own,low,,3422.0,18,furniture/equipment,good,0.6909730064190793
845,845,35,male,2,own,,moderate,3976.0,21,furniture/equipment,good,0.470219195014108
846,846,68,male,2,rent,,,6761.0,18,car,bad,0.9679673637491573
847,847,28,male,2,own,low,,1249.0,24,car,good,0.4584946791376595
848,848,59,male,2,own,low,low,1364.0,9,radio/TV,good,0.844006029835905
849,849,57,male,1,own,low,low,709.0,12,radio/TV,bad,0.7820395604629184
850,850,33,male,2,rent,low,low,2235.0,20,car,bad,0.46200227567257923
851,851,43,male,2,own,,,4042.0,24,car,good,0.6081846531763192
852,852,35,male,2,free,low,,1471.0,15,radio/TV,good,0.5199888491362961
853,853,32,male,1,free,low,low,1442.0,18,car,bad,0.4763282605187785
854,854,45,male,2,own,low,,10875.0,36,car,good,0.6144224229398455
855,855,33,male,2,own,moderate,,1474.0,24,car,good,0.5113729166708008
856,856,40,female,2,own,,,894.0,10,education,good,0.5922431364311028
857,857,28,male,2,free,low,,3343.0,15,furniture/equipment,good,0.44372077518906194
858,858,29,female,2,own,low,low,3959.0,15,car,bad,0.41223064247064595
859,859,26,male,2,rent,moderate,,3577.0,9,car,good,0.4202631412001876
860,860,27,male,2,own,high,,5804.0,24,car,good,0.3895863560351043
861,861,28,male,2,own,low,,2169.0,18,business,bad,0.45368367145900435
862,862,35,female,2,own,low,low,2439.0,24,radio/TV,bad,0.5358345530222651
863,863,32,male,1,own,high,,4526.0,27,furniture/equipment,good,0.43533126866984945
864,864,25,male,1,rent,low,,2210.0,10,furniture/equipment,bad,0.37557050653622476
865,865,20,female,2,rent,very_high,,2221.0,15,furniture/equipment,good,0.36452154301911793
866,866,27,female,2,own,low,low,2389.0,18,radio/TV,good,0.3705765678279974
867,867,42,male,2,own,low,,3331.0,12,furniture/equipment,good,0.6481154923362124
868,868,37,male,2,own,,,7409.0,36,business,good,0.5702858898040146
869,869,24,female,2,rent,low,low,652.0,12,furniture/equipment,good,0.32293871288559955
870,870,40,female,2,own,very_high,,7678.0,36,furniture/equipment,good,0.5821235937480553
871,871,46,male,2,own,low,high,1343.0,6,car,good,0.7068460119113489
872,872,26,male,2,own,moderate,low,1382.0,24,business,good,0.35783250149088813
873,873,24,female,2,own,,,874.0,15,domestic appliances,good,0.3965940849680055
874,874,29,male,1,own,low,low,3590.0,12,furniture/equipment,good,0.47069718398201854
875,875,40,female,2,own,high,moderate,1322.0,11,car,good,0.6028639507972184
876,876,36,male,3,free,low,low,1940.0,18,radio/TV,good,0.4853162789377205
877,877,28,male,2,own,low,,3595.0,36,radio/TV,good,0.4203319389159077
878,878,27,male,3,free,low,low,1422.0,9,car,bad,0.3762325590211445
879,879,36,male,2,own,,,6742.0,30,radio/TV,good,0.4906897960892645
880,880,38,male,3,own,low,,7814.0,24,car,good,0.548538980904254
881,881,48,male,2,free,,,9277.0,24,car,good,0.66945270671738
882,882,36,male,2,own,,moderate,2181.0,30,car,good,0.5182509946806272
883,883,65,female,0,own,low,,1098.0,18,radio/TV,good,0.8686578994578371
884,884,43,male,2,own,low,moderate,4057.0,24,furniture/equipment,bad,0.6442483826487835
885,885,53,female,2,own,low,low,795.0,12,education,bad,0.7743501845232507
886,886,34,male,2,own,,moderate,2825.0,24,business,good,0.5147847323700036
887,887,23,male,2,own,low,moderate,15672.0,48,business,bad,0.3853257761859019
888,888,34,male,3,own,low,,6614.0,36,car,good,0.4838676933885761
889,889,40,male,2,rent,,,7824.0,28,car,good,0.6103267993937261
890,890,43,male,3,own,low,low,2442.0,27,business,good,0.5803908270039989
891,891,,male,2,own,low,,,15,radio/TV,good,0.6250421753919819
892,892,38,male,1,own,low,low,2171.0,12,car,good,0.5366393986941533
893,893,34,male,2,own,low,moderate,5800.0,36,car,good,0.5028005226530923
894,894,29,male,2,own,,,1169.0,18,radio/TV,good,0.3912244731486593
895,895,31,male,3,own,,,8947.0,36,car,good,0.5066611325410388
896,896,28,female,3,rent,low,low,2606.0,21,radio/TV,good,0.458420444554244
897,897,35,female,2,own,high,,1592.0,12,furniture/equipment,good,0.5473593384683662
898,898,33,female,1,rent,,,2186.0,15,furniture/equipment,good,0.5224445506920028
899,899,42,male,2,own,low,low,4153.0,18,furniture/equipment,bad,0.5994542773976265
900,900,43,male,2,rent,low,low,2625.0,16,car,bad,0.6122566626287131
901,901,44,male,2,own,,,3485.0,20,car,good,0.6457650520921692
902,902,42,male,2,free,,,10477.0,36,car,good,0.6118792548659157
903,903,40,male,2,rent,,,1386.0,15,radio/TV,good,0.5958103428720846
904,904,36,male,3,own,low,,1278.0,24,radio/TV,good,0.5366275619979396
905,905,20,male,3,rent,low,low,1107.0,12,radio/TV,good,0.2825449270089063
906,906,24,male,1,own,,low,3763.0,21,car,good,0.32223967733521125
907,907,27,male,2,own,,moderate,3711.0,36,education,good,0.4179443592332752
908,908,46,female,1,own,low,,3594.0,15,car,good,0.6651720324341318
909,909,33,female,1,own,,moderate,3195.0,9,car,good,0.5388867621873867
910,910,34,female,2,own,low,,4454.0,36,radio/TV,good,0.5159251413855684
911,911,25,female,1,own,low,moderate,4736.0,24,furniture/equipment,bad,0.39578562957722685
912,912,,female,2,own,,moderate,2991.0,30,radio/TV,good,0.3970014537103148
913,913,28,male,2,own,high,,2142.0,11,business,good,0.39955642074037173
914,914,31,male,2,rent,low,low,3161.0,24,business,bad,0.4160251612785233
915,915,32,female,3,own,low,moderate,18424.0,48,vacation/others,bad,0.4865598224370374
916,916,32,male,2,own,moderate,,2848.0,10,car,good,0.46674098814201515
917,917,68,male,3,own,low,low,14896.0,6,car,bad,0.9211889321828772
918,918,33,male,2,own,moderate,low,2359.0,24,furniture/equipment,bad,0.5017441885456437
919,919,39,male,3,rent,low,low,3345.0,24,furniture/equipment,bad,0.5953763072943534
920,920,28,female,2,own,low,,1817.0,18,furniture/equipment,good,0.43832124814276896
921,921,37,male,3,own,very_high,,12749.0,48,radio/TV,good,0.5516441763275944
922,922,22,female,2,rent,low,low,1366.0,9,radio/TV,bad,0.3045509220262954
923,923,30,male,2,rent,low,moderate,2002.0,12,car,good,0.421546564619053
924,924,55,male,2,own,low,low,6872.0,24,furniture/equipment,bad,0.741008569549448
925,925,46,male,2,own,low,low,,12,car,bad,0.6535442508987007
926,926,21,female,2,rent,low,low,1049.0,18,furniture/equipment,good,0.28639898377591355
927,927,39,male,2,free,low,low,10297.0,48,car,bad,0.54783640793286
928,928,58,male,2,own,,,1867.0,30,radio/TV,good,0.7838043805306679
929,929,43,male,1,own,low,low,1344.0,12,car,good,0.5837453128965607
930,930,24,male,1,own,low,low,1747.0,24,furniture/equipment,good,0.38602049919529446
931,931,22,female,2,own,low,moderate,1670.0,9,radio/TV,bad,0.37524909584541183
932,932,30,male,2,own,low,,1224.0,9,car,good,0.43291517769305077
933,933,42,male,2,own,very_high,,522.0,12,radio/TV,good,0.6579286685844181
934,934,23,female,2,own,low,low,1498.0,12,radio/TV,good,0.3094878055288197
935,935,30,male,3,own,moderate,moderate,1919.0,30,radio/TV,bad,0.479721156621985
936,936,28,female,1,own,low,high,745.0,9,radio/TV,bad,0.45917412512873845
937,937,30,male,3,rent,low,moderate,,6,radio/TV,good,0.4069084946541995
938,938,42,male,2,free,low,moderate,6288.0,60,education,bad,0.6452998857620962
939,939,46,male,3,own,,,6842.0,24,car,good,0.7039464347606602
940,940,45,male,3,own,,,3527.0,12,car,good,0.625962653015046
941,941,31,male,1,own,low,,1546.0,10,car,good,0.4368531759726734
942,942,31,male,2,own,,,929.0,24,furniture/equipment,good,0.4867475684870592
943,943,42,male,1,own,low,,1455.0,4,car,good,0.6598516223906565
944,944,46,female,2,rent,low,low,1845.0,15,furniture/equipment,good,0.6703101278932992
945,945,30,female,2,own,very_high,moderate,8358.0,48,car,good,0.4869990433521757
946,946,30,male,2,free,very_high,low,3349.0,24,furniture/equipment,bad,0.4284791525140792
947,947,38,male,3,own,,,2859.0,12,car,good,0.5809771666439912
948,948,43,male,1,own,low,,1533.0,18,furniture/equipment,bad,0.6017263786634839
949,949,31,male,2,own,moderate,,3621.0,24,radio/TV,bad,0.434650169416874
950,950,40,male,0,own,low,moderate,3590.0,18,business,good,0.603471711958461
951,951,24,male,2,own,low,low,2145.0,36,business,bad,0.38364878060732815
952,952,28,female,2,rent,very_high,moderate,4113.0,24,car,bad,0.37553477052483464
953,953,26,female,3,own,low,,,36,furniture/equipment,bad,0.4427881815668767
954,954,29,female,2,own,low,low,1893.0,12,car,good,0.4282007053843401
955,955,57,female,3,rent,high,low,,24,radio/TV,good,0.8218797435730785
956,956,49,male,1,own,,high,3656.0,30,radio/TV,good,0.7062630455270367
957,957,37,male,1,own,low,moderate,1154.0,9,radio/TV,good,0.4990883619357586
958,958,45,male,1,own,low,low,4006.0,28,car,bad,0.6410743978421978
959,959,30,male,2,free,moderate,moderate,3069.0,24,furniture/equipment,good,0.4237409943385086
960,960,30,male,2,rent,low,,1740.0,6,radio/TV,good,0.4468928879351976
961,961,47,male,2,own,low,moderate,2353.0,21,car,good,0.6756096113932196
962,962,29,male,2,own,,,3556.0,15,car,good,0.3965929571318187
963,963,35,male,2,own,very_high,,2397.0,24,radio/TV,bad,0.528088210624126
964,964,22,male,1,own,low,moderate,454.0,6,repairs,good,0.3762571492438773
965,965,26,female,2,own,,moderate,1715.0,30,radio/TV,good,0.3681028604936538
966,966,23,male,1,own,very_high,moderate,2520.0,27,radio/TV,bad,0.349055874071379
967,967,54,female,3,rent,low,,3568.0,15,radio/TV,good,0.7953750685784338
968,968,29,male,2,rent,,,7166.0,42,radio/TV,good,0.42381516660975027
969,969,40,male,1,own,low,low,3939.0,11,car,good,0.5872639564100648
970,970,22,male,2,own,moderate,moderate,1514.0,15,repairs,good,0.34054108743170897
971,971,43,male,1,own,low,,7393.0,24,car,good,0.6424395510386596
972,972,29,female,0,rent,low,low,1193.0,24,car,bad,0.39531834593128784
973,973,36,male,2,rent,low,low,7297.0,60,business,bad,0.5083431430793797
974,974,33,female,2,own,low,,2831.0,30,radio/TV,good,0.47853495605225793
975,975,57,female,1,own,very_high,high,1258.0,24,radio/TV,good,0.8552676179746642
976,976,64,female,2,own,low,moderate,753.0,6,radio/TV,good,0.874009846433541
977,977,42,male,2,own,,moderate,2427.0,18,business,good,0.6401617218666408
978,978,47,male,1,own,low,,2538.0,24,car,bad,0.7013207312169099
979,979,25,male,2,rent,moderate,moderate,1264.0,15,car,bad,0.3483355630155692
980,980,49,male,2,own,low,moderate,8386.0,30,furniture/equipment,bad,0.6764817249703339
981,981,33,male,3,rent,low,,4844.0,48,business,bad,0.5123766468899237
982,982,28,female,3,own,moderate,high,2923.0,21,car,good,0.3760079584728625
983,983,26,male,2,own,low,low,8229.0,36,car,bad,0.4371965146006998
984,984,30,male,1,own,low,,2028.0,24,furniture/equipment,good,0.43301692859358476
985,985,25,female,2,rent,low,low,1433.0,15,furniture/equipment,good,0.43184843257237426
986,986,33,male,2,own,low,high,6289.0,42,business,good,0.5095777629095007
987,987,64,female,2,own,moderate,,1409.0,13,radio/TV,good,0.9103808605021138
988,988,29,male,3,free,low,low,6579.0,24,car,good,0.45478472007031934
989,989,48,male,1,own,low,moderate,1743.0,24,radio/TV,good,0.7010661477830581
990,990,37,male,1,own,,,3565.0,12,education,good,0.5395961342873931
991,991,34,male,1,own,moderate,,1569.0,15,radio/TV,good,0.5496385465682585
992,992,23,male,1,rent,,low,1936.0,18,radio/TV,good,0.36369374049035635
993,993,30,male,3,own,low,low,3959.0,36,furniture/equipment,good,0.45041207908950975
994,994,50,male,2,own,,,2390.0,12,car,good,0.7464256901253499
995,995,31,female,1,own,low,,1736.0,12,furniture/equipment,good,0.45219564427469594
996,996,40,male,3,own,low,low,3857.0,30,car,good,0.5405332076701821
997,997,38,male,2,own,low,,804.0,12,radio/TV,good,0.5405240974680823
998,998,23,male,2,free,low,low,1845.0,45,radio/TV,bad,0.33376560051251675
999,999,27,male,2,own,moderate,moderate,4576.0,45,car,good,0.36849773403563546
